{"cameraMode":{"drawMode":0,"name":"Shaded","section":"Shading Mode"},"sceneLighting":true,"audioPlay":false,"sceneViewState":{"m_AlwaysRefresh":false,"showFog":true,"showSkybox":true,"showFlares":true,"showImageEffects":true,"showParticleSystems":true,"showVisualEffectGraphs":true,"m_FxEnabled":true},"in2DMode":false,"pivot":{"x":102.75228881835938,"y":81.13136291503906,"z":99.59707641601563},"rotation":{"x":-0.21904422342777253,"y":0.010896037332713604,"z":-0.0024579393211752178,"w":-0.9758353233337402},"size":76.25312042236328,"orthographic":false}