{"cameraMode":{"drawMode":0,"name":"Shaded","section":"Shading Mode"},"sceneLighting":true,"audioPlay":false,"sceneViewState":{"m_AlwaysRefresh":false,"showFog":true,"showSkybox":true,"showFlares":true,"showImageEffects":true,"showParticleSystems":true,"showVisualEffectGraphs":true,"m_FxEnabled":true},"in2DMode":false,"pivot":{"x":145.0886993408203,"y":75.13988494873047,"z":118.55799102783203},"rotation":{"x":0.10492422431707382,"y":-0.06238223612308502,"z":0.0065910303965210918,"w":0.9926618933677673},"size":174.61038208007813,"orthographic":false}